image_name,h,w
test_0_0.png,0,0
test_0_1.png,0,1
test_0_2.png,0,2
test_0_3.png,0,3
test_0_4.png,0,4
test_0_5.png,0,5
test_0_6.png,0,6
test_0_7.png,0,7
test_0_8.png,0,8
test_0_9.png,0,9
test_0_10.png,0,10
test_0_11.png,0,11
test_0_12.png,0,12
test_0_13.png,0,13
test_0_14.png,0,14
test_0_15.png,0,15
test_0_16.png,0,16
test_0_17.png,0,17
test_0_18.png,0,18
test_0_19.png,0,19
test_0_20.png,0,20
test_0_21.png,0,21
test_0_22.png,0,22
test_1_0.png,1,0
test_1_1.png,1,1
test_1_2.png,1,2
test_1_3.png,1,3
test_1_4.png,1,4
test_1_5.png,1,5
test_1_6.png,1,6
test_1_7.png,1,7
test_1_8.png,1,8
test_1_9.png,1,9
test_1_10.png,1,10
test_1_11.png,1,11
test_1_12.png,1,12
test_1_13.png,1,13
test_1_14.png,1,14
test_1_15.png,1,15
test_1_16.png,1,16
test_1_17.png,1,17
test_1_18.png,1,18
test_1_19.png,1,19
test_1_20.png,1,20
test_1_21.png,1,21
test_1_22.png,1,22
test_2_0.png,2,0
test_2_1.png,2,1
test_2_2.png,2,2
test_2_3.png,2,3
test_2_4.png,2,4
test_2_5.png,2,5
test_2_6.png,2,6
test_2_7.png,2,7
test_2_8.png,2,8
test_2_9.png,2,9
test_2_10.png,2,10
test_2_11.png,2,11
test_2_12.png,2,12
test_2_13.png,2,13
test_2_14.png,2,14
test_2_15.png,2,15
test_2_16.png,2,16
test_2_17.png,2,17
test_2_18.png,2,18
test_2_19.png,2,19
test_2_20.png,2,20
test_2_21.png,2,21
test_2_22.png,2,22
test_3_0.png,3,0
test_3_1.png,3,1
test_3_2.png,3,2
test_3_3.png,3,3
test_3_4.png,3,4
test_3_5.png,3,5
test_3_6.png,3,6
test_3_7.png,3,7
test_3_8.png,3,8
test_3_9.png,3,9
test_3_10.png,3,10
test_3_11.png,3,11
test_3_12.png,3,12
test_3_13.png,3,13
test_3_14.png,3,14
test_3_15.png,3,15
test_3_16.png,3,16
test_3_17.png,3,17
test_3_18.png,3,18
test_3_19.png,3,19
test_3_20.png,3,20
test_3_21.png,3,21
test_3_22.png,3,22
test_4_0.png,4,0
test_4_1.png,4,1
test_4_2.png,4,2
test_4_3.png,4,3
test_4_4.png,4,4
test_4_5.png,4,5
test_4_6.png,4,6
test_4_7.png,4,7
test_4_8.png,4,8
test_4_9.png,4,9
test_4_10.png,4,10
test_4_11.png,4,11
test_4_12.png,4,12
test_4_13.png,4,13
test_4_14.png,4,14
test_4_15.png,4,15
test_4_16.png,4,16
test_4_17.png,4,17
test_4_18.png,4,18
test_4_19.png,4,19
test_4_20.png,4,20
test_4_21.png,4,21
test_4_22.png,4,22
test_5_0.png,5,0
test_5_1.png,5,1
test_5_2.png,5,2
test_5_3.png,5,3
test_5_4.png,5,4
test_5_5.png,5,5
test_5_6.png,5,6
test_5_7.png,5,7
test_5_8.png,5,8
test_5_9.png,5,9
test_5_10.png,5,10
test_5_11.png,5,11
test_5_12.png,5,12
test_5_13.png,5,13
test_5_14.png,5,14
test_5_15.png,5,15
test_5_16.png,5,16
test_5_17.png,5,17
test_5_18.png,5,18
test_5_19.png,5,19
test_5_20.png,5,20
test_5_21.png,5,21
test_5_22.png,5,22
test_6_0.png,6,0
test_6_1.png,6,1
test_6_2.png,6,2
test_6_3.png,6,3
test_6_4.png,6,4
test_6_5.png,6,5
test_6_6.png,6,6
test_6_7.png,6,7
test_6_8.png,6,8
test_6_9.png,6,9
test_6_10.png,6,10
test_6_11.png,6,11
test_6_12.png,6,12
test_6_13.png,6,13
test_6_14.png,6,14
test_6_15.png,6,15
test_6_16.png,6,16
test_6_17.png,6,17
test_6_18.png,6,18
test_6_19.png,6,19
test_6_20.png,6,20
test_6_21.png,6,21
test_6_22.png,6,22
test_7_0.png,7,0
test_7_1.png,7,1
test_7_2.png,7,2
test_7_3.png,7,3
test_7_4.png,7,4
test_7_5.png,7,5
test_7_6.png,7,6
test_7_7.png,7,7
test_7_8.png,7,8
test_7_9.png,7,9
test_7_10.png,7,10
test_7_11.png,7,11
test_7_12.png,7,12
test_7_13.png,7,13
test_7_14.png,7,14
test_7_15.png,7,15
test_7_16.png,7,16
test_7_17.png,7,17
test_7_18.png,7,18
test_7_19.png,7,19
test_7_20.png,7,20
test_7_21.png,7,21
test_7_22.png,7,22
test_8_0.png,8,0
test_8_1.png,8,1
test_8_2.png,8,2
test_8_3.png,8,3
test_8_4.png,8,4
test_8_5.png,8,5
test_8_6.png,8,6
test_8_7.png,8,7
test_8_8.png,8,8
test_8_9.png,8,9
test_8_10.png,8,10
test_8_11.png,8,11
test_8_12.png,8,12
test_8_13.png,8,13
test_8_14.png,8,14
test_8_15.png,8,15
test_8_16.png,8,16
test_8_17.png,8,17
test_8_18.png,8,18
test_8_19.png,8,19
test_8_20.png,8,20
test_8_21.png,8,21
test_8_22.png,8,22
test_9_0.png,9,0
test_9_1.png,9,1
test_9_2.png,9,2
test_9_3.png,9,3
test_9_4.png,9,4
test_9_5.png,9,5
test_9_6.png,9,6
test_9_7.png,9,7
test_9_8.png,9,8
test_9_9.png,9,9
test_9_10.png,9,10
test_9_11.png,9,11
test_9_12.png,9,12
test_9_13.png,9,13
test_9_14.png,9,14
test_9_15.png,9,15
test_9_16.png,9,16
test_9_17.png,9,17
test_9_18.png,9,18
test_9_19.png,9,19
test_9_20.png,9,20
test_9_21.png,9,21
test_9_22.png,9,22
test_10_0.png,10,0
test_10_1.png,10,1
test_10_2.png,10,2
test_10_3.png,10,3
test_10_4.png,10,4
test_10_5.png,10,5
test_10_6.png,10,6
test_10_7.png,10,7
test_10_8.png,10,8
test_10_9.png,10,9
test_10_10.png,10,10
test_10_11.png,10,11
test_10_12.png,10,12
test_10_13.png,10,13
test_10_14.png,10,14
test_10_15.png,10,15
test_10_16.png,10,16
test_10_17.png,10,17
test_10_18.png,10,18
test_10_19.png,10,19
test_10_20.png,10,20
test_10_21.png,10,21
test_10_22.png,10,22
test_11_0.png,11,0
test_11_1.png,11,1
test_11_2.png,11,2
test_11_3.png,11,3
test_11_4.png,11,4
test_11_5.png,11,5
test_11_6.png,11,6
test_11_7.png,11,7
test_11_8.png,11,8
test_11_9.png,11,9
test_11_10.png,11,10
test_11_11.png,11,11
test_11_12.png,11,12
test_11_13.png,11,13
test_11_14.png,11,14
test_11_15.png,11,15
test_11_16.png,11,16
test_11_17.png,11,17
test_11_18.png,11,18
test_11_19.png,11,19
test_11_20.png,11,20
test_11_21.png,11,21
test_11_22.png,11,22
test_12_0.png,12,0
test_12_1.png,12,1
test_12_2.png,12,2
test_12_3.png,12,3
test_12_4.png,12,4
test_12_5.png,12,5
test_12_6.png,12,6
test_12_7.png,12,7
test_12_8.png,12,8
test_12_9.png,12,9
test_12_10.png,12,10
test_12_11.png,12,11
test_12_12.png,12,12
test_12_13.png,12,13
test_12_14.png,12,14
test_12_15.png,12,15
test_12_16.png,12,16
test_12_17.png,12,17
test_12_18.png,12,18
test_12_19.png,12,19
test_12_20.png,12,20
test_12_21.png,12,21
test_12_22.png,12,22
test_13_0.png,13,0
test_13_1.png,13,1
test_13_2.png,13,2
test_13_3.png,13,3
test_13_4.png,13,4
test_13_5.png,13,5
test_13_6.png,13,6
test_13_7.png,13,7
test_13_8.png,13,8
test_13_9.png,13,9
test_13_10.png,13,10
test_13_11.png,13,11
test_13_12.png,13,12
test_13_13.png,13,13
test_13_14.png,13,14
test_13_15.png,13,15
test_13_16.png,13,16
test_13_17.png,13,17
test_13_18.png,13,18
test_13_19.png,13,19
test_13_20.png,13,20
test_13_21.png,13,21
test_13_22.png,13,22
test_14_0.png,14,0
test_14_1.png,14,1
test_14_2.png,14,2
test_14_3.png,14,3
test_14_4.png,14,4
test_14_5.png,14,5
test_14_6.png,14,6
test_14_7.png,14,7
test_14_8.png,14,8
test_14_9.png,14,9
test_14_10.png,14,10
test_14_11.png,14,11
test_14_12.png,14,12
test_14_13.png,14,13
test_14_14.png,14,14
test_14_15.png,14,15
test_14_16.png,14,16
test_14_17.png,14,17
test_14_18.png,14,18
test_14_19.png,14,19
test_14_20.png,14,20
test_14_21.png,14,21
test_14_22.png,14,22
test_15_0.png,15,0
test_15_1.png,15,1
test_15_2.png,15,2
test_15_3.png,15,3
test_15_4.png,15,4
test_15_5.png,15,5
test_15_6.png,15,6
test_15_7.png,15,7
test_15_8.png,15,8
test_15_9.png,15,9
test_15_10.png,15,10
test_15_11.png,15,11
test_15_12.png,15,12
test_15_13.png,15,13
test_15_14.png,15,14
test_15_15.png,15,15
test_15_16.png,15,16
test_15_17.png,15,17
test_15_18.png,15,18
test_15_19.png,15,19
test_15_20.png,15,20
test_15_21.png,15,21
test_15_22.png,15,22
test_16_0.png,16,0
test_16_1.png,16,1
test_16_2.png,16,2
test_16_3.png,16,3
test_16_4.png,16,4
test_16_5.png,16,5
test_16_6.png,16,6
test_16_7.png,16,7
test_16_8.png,16,8
test_16_9.png,16,9
test_16_10.png,16,10
test_16_11.png,16,11
test_16_12.png,16,12
test_16_13.png,16,13
test_16_14.png,16,14
test_16_15.png,16,15
test_16_16.png,16,16
test_16_17.png,16,17
test_16_18.png,16,18
test_16_19.png,16,19
test_16_20.png,16,20
test_16_21.png,16,21
test_16_22.png,16,22
